{
    "Accuracy": 0.975,
    "Precision": 0.5978260869565217,
    "Recall": 0.8088235294117647,
    "F1_Score": 0.6875,
    "AUC_ROC": 0.9767537449762513,
    "Specificity": 0.9808488612836439
}