{
    "Accuracy": 0.9875,
    "Precision": 0.9574468085106383,
    "Recall": 0.6617647058823529,
    "F1_Score": 0.782608695652174,
    "AUC_ROC": 0.9648527889416637,
    "Specificity": 0.9989648033126294
}