{
    "Accuracy": 0.8575,
    "Precision": 0.1761194029850746,
    "Recall": 0.8676470588235294,
    "F1_Score": 0.29280397022332505,
    "AUC_ROC": 0.9344324686396298,
    "Specificity": 0.8571428571428571
}